airline,date_of_journey,source,destination,dep_time,arrival_time,duration,total_stops,additional_info,price
Jet Airways,2019-04-01,Kolkata,Banglore,21:10:00,08:15:00,665,1.0,In-flight meal not included,8849
Indigo,2019-05-24,Banglore,Delhi,13:00:00,15:50:00,170,0.0,No Info,4990
Jet Airways,2019-04-27,Banglore,Delhi,17:45:00,20:45:00,180,0.0,In-flight meal not included,4544
Air India,2019-05-06,Kolkata,Banglore,12:00:00,11:10:00,1390,2.0,No Info,10676
Indigo,2019-05-01,Kolkata,Banglore,19:20:00,23:45:00,265,1.0,No Info,3809
Indigo,2019-05-03,Kolkata,Banglore,17:15:00,19:50:00,155,0.0,No Info,4804
Indigo,2019-03-03,Delhi,Cochin,02:00:00,07:45:00,345,1.0,No Info,9257
Jet Airways,2019-05-09,Mumbai,Hyderabad,07:05:00,08:30:00,85,0.0,In-flight meal not included,4995
Air India,2019-05-18,Delhi,Cochin,06:05:00,09:25:00,1640,1.0,No Info,7480
Indigo,2019-05-01,Banglore,Delhi,06:05:00,08:50:00,165,0.0,No Info,4423
Jet Airways,2019-06-12,Kolkata,Banglore,16:30:00,23:35:00,425,1.0,In-flight meal not included,9899
Indigo,2019-06-24,Kolkata,Banglore,15:15:00,17:45:00,150,0.0,No Info,4804
Air Asia,2019-05-18,Kolkata,Banglore,10:20:00,12:55:00,155,0.0,No Info,5645
Air India,2019-06-06,Mumbai,Hyderabad,21:05:00,22:25:00,80,0.0,No Info,3100
Jet Airways,2019-06-12,Delhi,Cochin,06:45:00,04:25:00,1300,2.0,In-flight meal not included,10919
Jet Airways,2019-04-01,Kolkata,Banglore,16:30:00,04:40:00,730,1.0,No Info,12681
Indigo,2019-03-21,Delhi,Cochin,16:10:00,22:20:00,370,1.0,No Info,6528
Multiple Carriers,2019-05-27,Delhi,Cochin,14:00:00,21:00:00,420,1.0,In-flight meal not included,7153
Multiple Carriers,2019-05-18,Delhi,Cochin,07:05:00,16:10:00,545,1.0,No Info,9646
Jet Airways,2019-06-06,Delhi,Cochin,09:00:00,19:00:00,600,1.0,In-flight meal not included,10262
Indigo,2019-04-12,Banglore,Delhi,01:30:00,04:15:00,165,0.0,No Info,4591
Multiple Carriers,2019-05-21,Delhi,Cochin,08:45:00,21:00:00,735,1.0,No Info,7485
Jet Airways,2019-03-06,Delhi,Cochin,22:20:00,19:45:00,1285,1.0,No Info,17024
Jet Airways,2019-03-01,Banglore,New Delhi,08:55:00,21:20:00,745,1.0,1 Long layover,27992
Jet Airways,2019-06-03,Delhi,Cochin,11:30:00,19:00:00,450,1.0,In-flight meal not included,10262
Spicejet,2019-06-27,Kolkata,Banglore,17:10:00,19:40:00,150,0.0,No check-in baggage included,3841
Indigo,2019-05-24,Kolkata,Banglore,08:10:00,13:00:00,290,1.0,No Info,5069
Multiple Carriers,2019-05-15,Delhi,Cochin,07:30:00,19:00:00,690,1.0,No Info,9315
Multiple Carriers,2019-03-21,Delhi,Cochin,10:45:00,18:50:00,485,1.0,No Info,11622
Air India,2019-03-15,Banglore,New Delhi,22:00:00,13:20:00,920,1.0,No Info,8845
Air India,2019-03-18,Mumbai,Hyderabad,21:05:00,22:25:00,80,0.0,No Info,2050
Multiple Carriers,2019-03-09,Delhi,Cochin,07:05:00,21:20:00,855,2.0,No Info,8620
Air India,2019-04-27,Banglore,Delhi,21:05:00,23:55:00,170,0.0,No Info,5228
Jet Airways,2019-04-01,Kolkata,Banglore,21:10:00,04:40:00,450,1.0,No Info,13364
Indigo,2019-06-24,Delhi,Cochin,11:55:00,22:30:00,635,1.0,No Info,6442
Air India,2019-03-12,Mumbai,Hyderabad,21:05:00,22:25:00,80,0.0,No Info,4307
Spicejet,2019-03-06,Kolkata,Banglore,06:55:00,09:35:00,160,0.0,No Info,3850
Indigo,2019-03-27,Mumbai,Hyderabad,19:05:00,20:30:00,85,0.0,No Info,2754
Jet Airways,2019-06-09,Banglore,Delhi,07:10:00,10:10:00,180,0.0,In-flight meal not included,7229
Air India,2019-06-12,Delhi,Cochin,12:00:00,19:15:00,435,2.0,No Info,8603
Jet Airways,2019-03-21,Banglore,New Delhi,20:35:00,11:25:00,890,1.0,In-flight meal not included,7832
Spicejet,2019-06-24,Chennai,Kolkata,08:20:00,10:35:00,135,0.0,No Info,3597
Multiple Carriers,2019-06-15,Delhi,Cochin,07:10:00,22:30:00,920,1.0,In-flight meal not included,6093
Jet Airways,2019-06-24,Delhi,Cochin,11:00:00,14:15:00,195,0.0,No Info,9564
Jet Airways,2019-05-09,Delhi,Cochin,08:00:00,19:00:00,660,1.0,No Info,15554
Jet Airways,2019-05-18,Kolkata,Banglore,20:00:00,08:15:00,735,1.0,No Info,13941
Jet Airways,2019-05-09,Delhi,Cochin,18:15:00,19:00:00,1485,1.0,In-flight meal not included,12373
Spicejet,2019-04-03,Mumbai,Hyderabad,05:45:00,07:15:00,90,0.0,No check-in baggage included,1965
Indigo,2019-05-24,Kolkata,Banglore,17:15:00,19:50:00,155,0.0,No Info,4804
Multiple Carriers,2019-03-21,Delhi,Cochin,07:00:00,21:00:00,840,1.0,No Info,7618
Multiple Carriers,2019-05-09,Delhi,Cochin,09:00:00,19:15:00,615,1.0,No Info,14323
Jet Airways,2019-05-06,Kolkata,Banglore,17:00:00,18:00:00,1500,1.0,In-flight meal not included,9314
Multiple Carriers,2019-06-24,Delhi,Cochin,08:45:00,19:15:00,630,1.0,No Info,9001
Jet Airways,2019-05-09,Delhi,Cochin,17:30:00,19:00:00,1530,1.0,In-flight meal not included,12373
Multiple Carriers,2019-03-03,Delhi,Cochin,13:00:00,01:35:00,755,1.0,No Info,18286
Indigo,2019-06-12,Banglore,Delhi,20:00:00,22:50:00,170,0.0,No Info,4823
Multiple Carriers,2019-05-09,Delhi,Cochin,07:05:00,16:10:00,545,1.0,No Info,8018
Jet Airways,2019-05-09,Delhi,Cochin,13:00:00,12:35:00,1415,1.0,In-flight meal not included,12373
Multiple Carriers,2019-06-27,Delhi,Cochin,10:00:00,01:30:00,930,1.0,No Info,7198
Indigo,2019-04-09,Banglore,Delhi,07:10:00,10:05:00,175,0.0,No Info,4823
Vistara,2019-05-21,Kolkata,Banglore,20:20:00,20:20:00,1440,1.0,No Info,9345
Air India,2019-06-24,Delhi,Cochin,22:00:00,19:15:00,1275,2.0,No Info,9181
Indigo,2019-04-03,Banglore,Delhi,13:00:00,15:50:00,170,0.0,No Info,4077
Jet Airways,2019-05-27,Delhi,Cochin,21:50:00,19:00:00,1270,1.0,In-flight meal not included,12898
Indigo,2019-06-15,Chennai,Kolkata,19:35:00,21:55:00,140,0.0,No Info,3597
Indigo,2019-03-27,Delhi,Cochin,10:45:00,01:35:00,890,1.0,No Info,6628
Jet Airways,2019-03-24,Banglore,New Delhi,19:55:00,22:35:00,160,0.0,No Info,8016
Indigo,2019-05-21,Kolkata,Banglore,21:25:00,00:05:00,160,0.0,No Info,4804
Indigo,2019-06-01,Delhi,Cochin,07:30:00,21:00:00,810,1.0,No Info,6416
Jet Airways,2019-06-12,Delhi,Cochin,13:00:00,12:35:00,1415,1.0,In-flight meal not included,10262
Jet Airways,2019-05-01,Kolkata,Banglore,08:25:00,20:45:00,740,1.0,In-flight meal not included,10844
Air India,2019-06-27,Delhi,Cochin,14:25:00,19:15:00,1730,2.0,No Info,13591
Spicejet,2019-04-21,Kolkata,Banglore,17:10:00,19:40:00,150,0.0,No Info,4911
Vistara,2019-05-24,Kolkata,Banglore,07:10:00,18:50:00,700,1.0,No Info,9555
Indigo,2019-05-03,Chennai,Kolkata,22:05:00,00:25:00,140,0.0,No Info,5277
Indigo,2019-05-09,Kolkata,Banglore,21:00:00,02:15:00,315,1.0,No Info,7605
Spicejet,2019-03-24,Kolkata,Banglore,15:55:00,21:15:00,320,1.0,No Info,10654
Jet Airways,2019-03-09,Banglore,New Delhi,18:20:00,21:00:00,160,0.0,No Info,8016
Indigo,2019-06-15,Delhi,Cochin,07:15:00,12:30:00,315,1.0,No Info,6582
Indigo,2019-05-21,Mumbai,Hyderabad,21:20:00,22:50:00,90,0.0,No Info,2227
Jet Airways,2019-06-03,Delhi,Cochin,13:00:00,19:00:00,360,1.0,No Info,14714
Jet Airways,2019-06-24,Banglore,Delhi,19:50:00,22:50:00,180,0.0,In-flight meal not included,6478
Multiple Carriers,2019-03-06,Delhi,Cochin,07:00:00,15:30:00,510,1.0,No Info,15603
Indigo,2019-06-06,Delhi,Cochin,10:35:00,01:30:00,895,1.0,No Info,5883
Indigo,2019-05-09,Banglore,Delhi,10:10:00,13:00:00,170,0.0,No Info,3943
Spicejet,2019-06-21,Kolkata,Banglore,17:10:00,19:40:00,150,0.0,No check-in baggage included,3841
Multiple Carriers,2019-03-09,Delhi,Cochin,09:45:00,21:20:00,695,2.0,No Info,10090
Spicejet,2019-06-06,Chennai,Kolkata,17:45:00,20:05:00,140,0.0,No check-in baggage included,3543
Indigo,2019-03-27,Delhi,Cochin,04:45:00,21:00:00,975,1.0,No Info,7258
Jet Airways,2019-05-01,Kolkata,Banglore,17:00:00,18:00:00,1500,1.0,No Info,11467
Spicejet,2019-04-24,Banglore,Delhi,21:10:00,00:05:00,175,0.0,No Info,3625
Jet Airways,2019-06-12,Delhi,Cochin,09:25:00,04:25:00,1140,2.0,No Info,13882
Jet Airways,2019-06-12,Kolkata,Banglore,14:05:00,19:50:00,345,1.0,No Info,13626
Multiple Carriers ,2019-03-21,Delhi,Cochin,08:55:00,19:15:00,620,1.0,No Info,10161
Multiple Carriers,2019-06-01,Delhi,Cochin,08:30:00,19:00:00,630,1.0,No Info,11200
Indigo,2019-06-09,Kolkata,Banglore,19:20:00,23:45:00,265,1.0,No Info,4205
Jet Airways,2019-03-06,Banglore,New Delhi,08:00:00,15:15:00,435,1.0,No Info,19225
Jet Airways,2019-06-12,Kolkata,Banglore,08:25:00,18:15:00,590,1.0,In-flight meal not included,9899
Vistara,2019-06-24,Chennai,Kolkata,07:45:00,10:00:00,135,0.0,No Info,3687
Multiple Carriers,2019-06-09,Delhi,Cochin,08:00:00,21:00:00,780,1.0,No Info,7408
Jet Airways,2019-06-27,Delhi,Cochin,20:00:00,12:35:00,995,2.0,No Info,14300
Spicejet,2019-04-12,Banglore,Delhi,05:55:00,08:35:00,160,0.0,No Info,4423
Jet Airways,2019-05-15,Kolkata,Banglore,06:30:00,16:20:00,590,1.0,No Info,14781
Goair,2019-03-03,Delhi,Cochin,05:45:00,13:20:00,455,1.0,No Info,5628
Multiple Carriers,2019-06-15,Delhi,Cochin,13:00:00,01:30:00,750,1.0,No Info,7198
Vistara,2019-06-12,Banglore,Delhi,17:00:00,19:35:00,155,0.0,No Info,4878
Indigo,2019-03-24,Kolkata,Banglore,09:35:00,12:20:00,165,0.0,No Info,6038
Multiple Carriers,2019-03-06,Delhi,Cochin,07:05:00,22:20:00,915,1.0,No Info,6916
Jet Airways,2019-03-24,Kolkata,Banglore,19:45:00,20:40:00,1495,1.0,No Info,13759
Jet Airways,2019-06-06,Delhi,Cochin,21:50:00,04:25:00,395,1.0,In-flight meal not included,10262
Jet Airways,2019-04-01,Kolkata,Banglore,18:55:00,16:20:00,1285,1.0,No Info,12681
Multiple Carriers,2019-06-12,Delhi,Cochin,12:50:00,21:00:00,490,1.0,No Info,7005
Indigo,2019-05-01,Kolkata,Banglore,15:15:00,20:05:00,290,1.0,No Info,4775
Air India,2019-06-18,Mumbai,Hyderabad,19:30:00,20:45:00,75,0.0,No Info,3100
Jet Airways,2019-06-12,Delhi,Cochin,20:55:00,04:25:00,450,1.0,No Info,14714
Multiple Carriers,2019-05-27,Delhi,Cochin,06:00:00,21:00:00,900,1.0,No Info,8475
Spicejet,2019-05-18,Kolkata,Banglore,09:00:00,11:25:00,145,0.0,No check-in baggage included,4439
Goair,2019-05-27,Delhi,Cochin,07:25:00,13:35:00,370,1.0,No Info,6841
Indigo,2019-04-27,Banglore,Delhi,04:00:00,06:50:00,170,0.0,No Info,4423
Air India,2019-05-18,Banglore,Delhi,13:20:00,16:10:00,170,0.0,No Info,6121
Indigo,2019-05-27,Delhi,Cochin,16:10:00,22:30:00,380,1.0,No Info,6938
Multiple Carriers,2019-06-09,Delhi,Cochin,08:30:00,19:00:00,630,1.0,No Info,11622
Air India,2019-06-12,Delhi,Cochin,21:00:00,07:40:00,640,1.0,No Info,8372
Jet Airways,2019-04-27,Banglore,Delhi,15:15:00,18:10:00,175,0.0,In-flight meal not included,4544
Jet Airways,2019-06-12,Kolkata,Banglore,16:30:00,23:35:00,425,1.0,No Info,13626
Indigo,2019-06-15,Delhi,Cochin,05:35:00,08:50:00,195,0.0,No Info,5601
Air India,2019-03-06,Mumbai,Hyderabad,21:05:00,22:25:00,80,0.0,No Info,5462
Jet Airways,2019-05-06,Kolkata,Banglore,20:00:00,08:15:00,735,1.0,In-flight meal not included,9663
Air India,2019-03-06,Mumbai,Hyderabad,17:20:00,14:50:00,150,2.0,No Info,11972
Multiple Carriers,2019-06-01,Delhi,Cochin,03:50:00,12:35:00,525,1.0,No Info,12192
Jet Airways,2019-04-03,Banglore,Delhi,07:10:00,10:10:00,180,0.0,In-flight meal not included,4544
Air India,2019-03-09,Delhi,Cochin,06:05:00,09:25:00,1640,1.0,No Info,10945
Indigo,2019-05-15,Banglore,Delhi,21:15:00,00:15:00,180,0.0,No Info,3943
Multiple Carriers,2019-03-03,Delhi,Cochin,13:00:00,21:00:00,480,1.0,No Info,18286
Jet Airways,2019-06-01,Delhi,Cochin,18:25:00,04:25:00,600,2.0,No Info,14237
Jet Airways,2019-05-21,Kolkata,Banglore,16:30:00,04:40:00,730,1.0,In-flight meal not included,9663
Jet Airways,2019-04-01,Delhi,Cochin,09:00:00,12:35:00,1655,1.0,In-flight meal not included,5406
Jet Airways,2019-05-18,Delhi,Cochin,09:40:00,04:25:00,1125,2.0,In-flight meal not included,13029
Indigo,2019-05-27,Banglore,Delhi,04:00:00,06:50:00,170,0.0,No Info,3943
Jet Airways,2019-06-15,Delhi,Cochin,11:45:00,12:35:00,1490,2.0,No Info,13882
Air India,2019-03-15,Banglore,New Delhi,17:00:00,22:55:00,1795,2.0,No Info,8534
Jet Airways,2019-06-06,Mumbai,Hyderabad,19:35:00,21:05:00,90,0.0,In-flight meal not included,3210
Indigo,2019-06-18,Banglore,Delhi,08:30:00,11:20:00,170,0.0,No Info,4823
Indigo,2019-05-18,Banglore,Delhi,13:00:00,15:50:00,170,0.0,No Info,4423
Jet Airways,2019-06-12,Delhi,Cochin,05:30:00,04:25:00,1375,2.0,No Info,13014
Jet Airways,2019-06-15,Delhi,Cochin,18:25:00,12:35:00,1090,2.0,No Info,14237
Indigo,2019-05-18,Kolkata,Banglore,15:30:00,18:05:00,155,0.0,No Info,4804
Spicejet,2019-05-18,Chennai,Kolkata,08:20:00,10:35:00,135,0.0,No Info,3597
Multiple Carriers,2019-05-06,Delhi,Cochin,07:30:00,19:00:00,690,1.0,No Info,10529
Vistara,2019-04-18,Banglore,Delhi,09:45:00,12:35:00,170,0.0,No Info,5403
Jet Airways,2019-05-18,Delhi,Cochin,13:00:00,12:35:00,1415,1.0,In-flight meal not included,12373
Indigo,2019-03-15,Delhi,Cochin,05:35:00,08:50:00,195,0.0,No Info,5406
Multiple Carriers,2019-05-06,Delhi,Cochin,13:00:00,21:00:00,480,1.0,No Info,13727
Air India,2019-05-27,Delhi,Cochin,20:15:00,19:15:00,1380,2.0,No Info,13381
Multiple Carriers,2019-03-06,Delhi,Cochin,09:10:00,18:50:00,580,1.0,No Info,15135
Jet Airways,2019-05-09,Kolkata,Banglore,09:35:00,21:05:00,690,1.0,In-flight meal not included,12384
Jet Airways,2019-06-21,Banglore,Delhi,08:20:00,11:20:00,180,0.0,In-flight meal not included,5769
Multiple Carriers,2019-05-09,Delhi,Cochin,08:30:00,19:15:00,645,1.0,No Info,8099
Indigo,2019-06-01,Delhi,Cochin,17:30:00,01:30:00,480,1.0,No Info,6628
Spicejet,2019-05-09,Delhi,Cochin,08:45:00,13:15:00,270,1.0,No check-in baggage included,4760
Jet Airways,2019-06-06,Delhi,Cochin,09:40:00,04:25:00,1125,2.0,No Info,13014
Indigo,2019-05-06,Delhi,Cochin,07:30:00,21:00:00,810,1.0,No Info,7191
Vistara,2019-05-24,Kolkata,Banglore,17:00:00,09:05:00,965,1.0,No Info,10027
Jet Airways,2019-05-21,Kolkata,Banglore,20:00:00,08:15:00,735,1.0,No Info,14781
Indigo,2019-06-03,Delhi,Cochin,09:15:00,21:00:00,705,1.0,No Info,6838
Jet Airways,2019-03-06,Delhi,Cochin,22:20:00,04:25:00,365,1.0,No Info,15764
Indigo,2019-05-18,Delhi,Cochin,09:15:00,01:30:00,975,1.0,No Info,7503
Jet Airways,2019-03-12,Banglore,New Delhi,18:55:00,08:15:00,800,1.0,No Info,13817
Jet Airways,2019-05-24,Kolkata,Banglore,08:25:00,16:20:00,475,1.0,No Info,14571
Jet Airways,2019-06-12,Kolkata,Banglore,06:30:00,12:00:00,330,1.0,No Info,13626
Jet Airways,2019-06-06,Delhi,Cochin,22:50:00,19:00:00,1210,1.0,No Info,14714
Multiple Carriers,2019-06-09,Delhi,Cochin,07:10:00,16:10:00,540,1.0,No Info,6513
Jet Airways,2019-06-12,Kolkata,Banglore,16:30:00,04:40:00,730,1.0,No Info,12471
Jet Airways,2019-05-09,Kolkata,Banglore,06:30:00,16:20:00,590,1.0,In-flight meal not included,8586
Spicejet,2019-04-01,Kolkata,Banglore,15:55:00,21:25:00,330,1.0,No Info,7646
Vistara,2019-06-09,Kolkata,Banglore,20:20:00,20:20:00,1440,1.0,No Info,8085
Jet Airways,2019-03-03,Mumbai,Hyderabad,07:10:00,08:35:00,85,0.0,No Info,5678
Air India,2019-04-06,Delhi,Cochin,17:20:00,09:25:00,965,1.0,No Info,4697
Multiple Carriers,2019-05-09,Delhi,Cochin,14:00:00,21:00:00,420,1.0,No Info,13727
Jet Airways,2019-04-06,Banglore,Delhi,19:50:00,22:50:00,180,0.0,In-flight meal not included,4544
Spicejet,2019-05-21,Kolkata,Banglore,22:20:00,00:40:00,140,0.0,No Info,3873
Air India,2019-06-15,Delhi,Cochin,05:00:00,07:40:00,1600,2.0,No Info,10231
Indigo,2019-04-01,Banglore,Delhi,08:30:00,11:20:00,170,0.0,No Info,4823
Jet Airways,2019-05-12,Kolkata,Banglore,20:25:00,09:45:00,800,1.0,No Info,14151
Jet Airways,2019-06-12,Delhi,Cochin,07:05:00,19:00:00,715,1.0,In-flight meal not included,15190
Jet Airways,2019-03-09,Delhi,Cochin,00:20:00,04:25:00,1685,1.0,No Info,15029
Jet Airways,2019-05-21,Kolkata,Banglore,21:10:00,04:40:00,450,1.0,No Info,13941
Multiple Carriers,2019-05-18,Delhi,Cochin,07:10:00,16:10:00,540,1.0,No Info,7038
Jet Airways,2019-03-06,Banglore,New Delhi,20:35:00,10:25:00,830,1.0,No Info,17261
Air India,2019-03-06,Banglore,New Delhi,06:45:00,12:15:00,330,1.0,No Info,13912
Jet Airways,2019-06-03,Delhi,Cochin,14:35:00,12:35:00,1320,2.0,No Info,13376
Jet Airways,2019-03-24,Kolkata,Banglore,19:45:00,08:10:00,745,1.0,No Info,14231
Spicejet,2019-06-06,Mumbai,Hyderabad,05:45:00,07:15:00,90,0.0,No Info,2753
Jet Airways,2019-06-03,Delhi,Cochin,14:00:00,04:25:00,865,1.0,No Info,14714
Indigo,2019-05-27,Kolkata,Banglore,11:30:00,14:05:00,155,0.0,No Info,5224
Air India,2019-04-06,Banglore,Delhi,17:00:00,19:45:00,165,0.0,No Info,4651
Indigo,2019-06-09,Kolkata,Banglore,06:20:00,10:20:00,240,1.0,No Info,4226
Jet Airways,2019-03-18,Mumbai,Hyderabad,19:35:00,21:05:00,90,0.0,No Info,5678
Jet Airways,2019-06-06,Kolkata,Banglore,17:00:00,09:45:00,1005,1.0,In-flight meal not included,10539
Indigo,2019-05-27,Delhi,Cochin,08:30:00,21:00:00,750,1.0,No Info,6838
Jet Airways,2019-06-01,Delhi,Cochin,18:15:00,04:25:00,610,1.0,No Info,14714
Multiple Carriers,2019-06-06,Delhi,Cochin,11:30:00,01:30:00,840,1.0,No Info,13377
Spicejet,2019-04-01,Banglore,Delhi,21:10:00,00:05:00,175,0.0,No check-in baggage included,3573
Multiple Carriers,2019-06-15,Delhi,Cochin,07:05:00,19:15:00,730,1.0,No Info,16108
Air India,2019-03-21,Delhi,Cochin,07:05:00,09:25:00,1580,2.0,No Info,7615
Multiple Carriers,2019-06-12,Delhi,Cochin,10:00:00,19:00:00,540,1.0,No Info,12192
Jet Airways,2019-05-12,Kolkata,Banglore,16:30:00,18:15:00,1545,1.0,In-flight meal not included,10844
Jet Airways,2019-05-24,Kolkata,Banglore,16:30:00,22:35:00,365,1.0,No Info,14571
Jet Airways,2019-03-21,Mumbai,Hyderabad,07:10:00,08:35:00,85,0.0,No Info,8040
Multiple Carriers,2019-06-09,Delhi,Cochin,10:20:00,21:00:00,640,1.0,No Info,7005
Jet Airways,2019-06-12,Kolkata,Banglore,21:10:00,04:40:00,450,1.0,No Info,12739
Jet Airways,2019-05-18,Kolkata,Banglore,20:00:00,16:20:00,1220,1.0,In-flight meal not included,10844
Goair,2019-05-21,Banglore,Delhi,07:45:00,10:40:00,175,0.0,No Info,5048
Jet Airways,2019-05-18,Delhi,Cochin,11:30:00,12:35:00,1505,1.0,In-flight meal not included,12373
Indigo,2019-06-12,Delhi,Cochin,14:20:00,22:30:00,490,1.0,No Info,6938
Jet Airways,2019-05-21,Delhi,Cochin,20:55:00,19:00:00,1325,1.0,No Info,16079
Jet Airways,2019-06-27,Delhi,Cochin,21:50:00,12:35:00,885,1.0,In-flight meal not included,10262
Jet Airways,2019-06-06,Kolkata,Banglore,06:30:00,20:50:00,860,2.0,In-flight meal not included,10118
Vistara,2019-06-03,Banglore,Delhi,11:30:00,14:20:00,170,0.0,No Info,4668
Multiple Carriers,2019-06-12,Delhi,Cochin,10:20:00,19:15:00,535,1.0,No Info,8266
Spicejet,2019-06-12,Mumbai,Hyderabad,05:45:00,07:15:00,90,0.0,No Info,2753
Indigo,2019-04-18,Banglore,Delhi,08:30:00,11:20:00,170,0.0,No Info,5740
Jet Airways,2019-03-21,Banglore,New Delhi,14:05:00,07:40:00,1055,1.0,In-flight meal not included,7832
Indigo,2019-04-06,Delhi,Cochin,02:00:00,07:25:00,325,1.0,No Info,5046
Multiple Carriers,2019-06-12,Delhi,Cochin,08:45:00,19:00:00,615,1.0,No Info,11789
Indigo,2019-03-15,Mumbai,Hyderabad,19:05:00,20:30:00,85,0.0,No Info,2754
Jet Airways,2019-06-01,Delhi,Cochin,08:00:00,19:00:00,660,1.0,No Info,14714
Indigo,2019-06-21,Banglore,Delhi,21:15:00,00:15:00,180,0.0,No Info,3943
Jet Airways,2019-04-01,Kolkata,Banglore,20:25:00,10:55:00,870,1.0,No Info,11467
Jet Airways,2019-03-09,Delhi,Cochin,19:15:00,04:25:00,550,1.0,In-flight meal not included,14053
Jet Airways,2019-06-15,Delhi,Cochin,09:25:00,04:25:00,1140,2.0,No Info,13882
Jet Airways,2019-05-27,Delhi,Cochin,19:15:00,19:00:00,1425,1.0,In-flight meal not included,12898
Jet Airways,2019-06-09,Kolkata,Banglore,16:30:00,22:35:00,365,1.0,In-flight meal not included,10844
Indigo,2019-06-03,Banglore,Delhi,07:10:00,10:05:00,175,0.0,No Info,4823
Spicejet,2019-06-03,Mumbai,Hyderabad,05:45:00,07:15:00,90,0.0,No Info,2753
Spicejet,2019-05-03,Banglore,Delhi,05:55:00,08:35:00,160,0.0,No Info,3625
Multiple Carriers,2019-03-27,Delhi,Cochin,09:00:00,21:00:00,720,1.0,No Info,12537
Jet Airways,2019-03-12,Banglore,New Delhi,20:35:00,09:30:00,775,1.0,In-flight meal not included,11087
Air India,2019-05-15,Delhi,Cochin,17:15:00,19:15:00,1560,2.0,No Info,13039
Jet Airways,2019-05-21,Kolkata,Banglore,06:30:00,19:50:00,800,1.0,No Info,14781
Multiple Carriers,2019-05-21,Delhi,Cochin,04:55:00,19:15:00,860,1.0,No Info,7575
Indigo,2019-03-21,Delhi,Cochin,08:35:00,22:20:00,825,1.0,No Info,6790
Indigo,2019-05-27,Kolkata,Banglore,21:25:00,00:05:00,160,0.0,No Info,4804
Jet Airways,2019-06-06,Delhi,Cochin,13:00:00,19:00:00,360,1.0,In-flight meal not included,10262
Air India,2019-03-18,Mumbai,Hyderabad,06:20:00,07:40:00,80,0.0,No Info,3100
Air India,2019-03-03,Banglore,New Delhi,09:30:00,16:20:00,410,1.0,No Info,11654
Jet Airways,2019-03-27,Mumbai,Hyderabad,07:10:00,08:35:00,85,0.0,No Info,8040
Multiple Carriers,2019-03-21,Delhi,Cochin,08:25:00,19:15:00,650,1.0,No Info,8601
Indigo,2019-03-24,Chennai,Kolkata,19:35:00,21:55:00,140,0.0,No Info,7295
Air India,2019-03-03,Delhi,Cochin,21:30:00,19:15:00,1305,2.0,No Info,12287
Indigo,2019-04-21,Kolkata,Banglore,11:30:00,14:05:00,155,0.0,No Info,5644
Goair,2019-03-15,Banglore,New Delhi,07:45:00,10:40:00,175,0.0,No Info,5706
Jet Airways,2019-05-01,Kolkata,Banglore,20:25:00,19:10:00,1365,1.0,In-flight meal not included,9314
Jet Airways,2019-03-21,Delhi,Cochin,05:30:00,18:50:00,2240,2.0,In-flight meal not included,9328
Jet Airways,2019-06-01,Delhi,Cochin,11:40:00,19:00:00,440,2.0,No Info,18804
Indigo,2019-03-03,Banglore,New Delhi,05:25:00,10:10:00,285,1.0,No Info,7774
Jet Airways,2019-06-01,Delhi,Cochin,18:25:00,12:35:00,1090,2.0,No Info,14237
Jet Airways,2019-04-01,Mumbai,Hyderabad,19:35:00,21:05:00,90,0.0,No Info,5678
Jet Airways,2019-05-12,Kolkata,Banglore,08:25:00,20:45:00,740,1.0,No Info,14781
Indigo,2019-05-15,Delhi,Cochin,16:00:00,21:00:00,300,1.0,No Info,6069
Indigo,2019-06-15,Chennai,Kolkata,07:55:00,10:15:00,140,0.0,No Info,3850
Jet Airways,2019-03-09,Banglore,New Delhi,05:45:00,11:25:00,340,1.0,In-flight meal not included,11087
Air Asia,2019-06-09,Banglore,Delhi,23:55:00,02:45:00,170,0.0,No Info,7120
Jet Airways,2019-05-01,Banglore,Delhi,11:10:00,14:05:00,175,0.0,No Info,7229
Jet Airways,2019-06-15,Delhi,Cochin,09:00:00,19:00:00,600,1.0,No Info,14714
Indigo,2019-05-18,Delhi,Cochin,15:00:00,01:30:00,630,1.0,No Info,7503
Goair,2019-04-12,Banglore,Delhi,07:45:00,10:40:00,175,0.0,No Info,6722
Jet Airways,2019-04-06,Banglore,Delhi,06:00:00,08:45:00,165,0.0,In-flight meal not included,4544
Indigo,2019-06-24,Kolkata,Banglore,11:30:00,14:05:00,155,0.0,No Info,4804
Air Asia,2019-05-18,Delhi,Cochin,07:55:00,13:25:00,330,1.0,No Info,8759
Jet Airways,2019-05-09,Delhi,Cochin,11:30:00,19:00:00,450,1.0,In-flight meal not included,12373
Goair,2019-03-15,Banglore,New Delhi,20:55:00,23:50:00,175,0.0,No Info,8722
Multiple Carriers,2019-03-27,Delhi,Cochin,09:00:00,15:30:00,390,1.0,No Info,6673
Jet Airways,2019-06-27,Delhi,Cochin,19:10:00,12:35:00,1045,2.0,No Info,15339
Goair,2019-04-01,Delhi,Cochin,10:35:00,19:35:00,540,1.0,No Info,5281
Air India,2019-03-06,Delhi,Cochin,05:55:00,07:40:00,1545,2.0,No Info,14641
Jet Airways,2019-03-21,Banglore,New Delhi,05:45:00,19:10:00,805,1.0,In-flight meal not included,7832
Jet Airways,2019-06-06,Kolkata,Banglore,17:00:00,23:35:00,395,1.0,No Info,14151
Indigo,2019-03-27,Chennai,Kolkata,14:40:00,17:05:00,145,0.0,No Info,3384
Vistara,2019-06-21,Chennai,Kolkata,07:05:00,09:20:00,135,0.0,No Info,3687
Indigo,2019-03-27,Chennai,Kolkata,11:35:00,14:00:00,145,0.0,No Info,3858
Vistara,2019-06-09,Banglore,Delhi,09:45:00,12:35:00,170,0.0,No Info,4668
Jet Airways,2019-03-27,Mumbai,Hyderabad,02:55:00,04:25:00,90,0.0,In-flight meal not included,1840
Air India,2019-05-18,Delhi,Cochin,20:15:00,19:15:00,1380,2.0,No Info,13591
Jet Airways,2019-03-24,Mumbai,Hyderabad,07:10:00,08:35:00,85,0.0,In-flight meal not included,2470
Multiple Carriers,2019-06-01,Delhi,Cochin,07:05:00,16:10:00,545,1.0,No Info,9646
Jet Airways,2019-03-21,Delhi,Cochin,10:20:00,04:25:00,2525,2.0,No Info,11664
Air India,2019-03-21,Banglore,New Delhi,08:50:00,23:15:00,865,1.0,No Info,6824
Air India,2019-06-01,Delhi,Cochin,16:40:00,19:15:00,1595,2.0,No Info,9863
Jet Airways,2019-03-27,Delhi,Cochin,19:15:00,19:45:00,1470,1.0,No Info,12032
Air India,2019-03-09,Banglore,New Delhi,21:10:00,23:55:00,165,0.0,No Info,7591
Air Asia,2019-05-18,Banglore,Delhi,11:10:00,13:55:00,165,0.0,No Info,4483
Indigo,2019-05-18,Kolkata,Banglore,09:20:00,14:15:00,295,1.0,No Info,12198
Indigo,2019-05-18,Kolkata,Banglore,22:15:00,00:50:00,155,0.0,No Info,4804
Multiple Carriers,2019-05-15,Delhi,Cochin,07:10:00,22:30:00,920,1.0,No Info,6513
Air India,2019-05-15,Kolkata,Banglore,19:00:00,04:40:00,580,1.0,No Info,6117
Jet Airways,2019-03-21,Banglore,New Delhi,05:45:00,16:10:00,625,1.0,In-flight meal not included,7832
Indigo,2019-05-15,Delhi,Cochin,05:10:00,10:05:00,295,1.0,No Info,6496
Jet Airways,2019-05-03,Banglore,Delhi,15:15:00,18:10:00,175,0.0,In-flight meal not included,4544
Jet Airways,2019-03-06,Banglore,New Delhi,05:45:00,19:10:00,805,1.0,No Info,16736
Jet Airways,2019-03-21,Delhi,Cochin,19:15:00,04:25:00,550,1.0,No Info,12557
Jet Airways,2019-05-21,Kolkata,Banglore,06:30:00,09:20:00,1610,1.0,No Info,14388
Multiple Carriers,2019-05-24,Delhi,Cochin,19:00:00,01:30:00,390,1.0,No Info,8283
Multiple Carriers,2019-06-27,Delhi,Cochin,04:55:00,19:15:00,860,1.0,No Info,7155
Jet Airways,2019-05-09,Kolkata,Banglore,20:25:00,14:25:00,1080,1.0,In-flight meal not included,9314
Jet Airways,2019-06-03,Delhi,Cochin,22:50:00,04:25:00,335,1.0,In-flight meal not included,10262
Air India,2019-05-21,Kolkata,Banglore,10:00:00,01:20:00,920,2.0,No Info,13033
Air India,2019-03-01,Banglore,New Delhi,10:30:00,11:20:00,1490,1.0,No Info,11528
Multiple Carriers,2019-03-03,Delhi,Cochin,11:30:00,18:50:00,440,1.0,No Info,15135
Spicejet,2019-05-15,Delhi,Cochin,08:45:00,13:15:00,270,1.0,No check-in baggage included,4760
Air India,2019-06-09,Delhi,Cochin,22:00:00,19:15:00,1275,2.0,No Info,10651
Jet Airways,2019-05-21,Delhi,Cochin,13:25:00,19:00:00,1775,2.0,No Info,15129
Air Asia,2019-05-24,Kolkata,Banglore,10:20:00,12:55:00,155,0.0,No Info,4409
Air India,2019-03-12,Mumbai,Hyderabad,16:50:00,12:25:00,1175,3.0,No Info,14260
Indigo,2019-06-12,Kolkata,Banglore,18:05:00,23:30:00,325,1.0,No Info,6218
Multiple Carriers,2019-06-03,Delhi,Cochin,06:40:00,19:15:00,755,1.0,No Info,7354
Jet Airways,2019-05-01,Kolkata,Banglore,17:00:00,09:45:00,1005,1.0,In-flight meal not included,9314
Air India,2019-06-24,Delhi,Cochin,05:15:00,19:15:00,2280,3.0,No Info,10493
Indigo,2019-03-06,Delhi,Cochin,07:30:00,13:20:00,350,1.0,No Info,13628
Air India,2019-05-24,Delhi,Cochin,22:00:00,19:15:00,1275,2.0,No Info,10441
Indigo,2019-05-21,Delhi,Cochin,14:25:00,17:40:00,195,0.0,No Info,5601
Jet Airways,2019-06-27,Delhi,Cochin,05:30:00,19:00:00,810,2.0,In-flight meal not included,10368
Air India,2019-05-12,Kolkata,Banglore,10:00:00,01:20:00,920,2.0,No Info,13243
Jet Airways,2019-03-09,Delhi,Cochin,18:15:00,18:50:00,1475,1.0,In-flight meal not included,14053
Indigo,2019-06-09,Banglore,Delhi,20:00:00,22:50:00,170,0.0,No Info,4823
Vistara,2019-05-15,Kolkata,Banglore,20:20:00,10:45:00,865,1.0,No Info,8452
Jet Airways,2019-03-27,Delhi,Cochin,06:20:00,04:25:00,1325,2.0,In-flight meal not included,9296
Jet Airways,2019-04-09,Delhi,Cochin,13:25:00,12:35:00,1390,2.0,No Info,9483
Spicejet,2019-06-24,Mumbai,Hyderabad,13:15:00,14:45:00,90,0.0,No Info,2017
Vistara,2019-06-27,Banglore,Delhi,07:00:00,09:40:00,160,0.0,No Info,4668
Indigo,2019-05-18,Banglore,Delhi,22:10:00,01:00:00,170,0.0,No Info,3943
Indigo,2019-03-06,Delhi,Cochin,04:45:00,15:30:00,645,1.0,No Info,13611
Indigo,2019-04-27,Banglore,Delhi,07:10:00,10:05:00,175,0.0,No Info,4823
Jet Airways,2019-03-09,Delhi,Cochin,05:25:00,04:25:00,1380,2.0,No Info,16914
Indigo,2019-05-15,Kolkata,Banglore,20:20:00,22:55:00,155,0.0,No Info,4804
Air India,2019-05-03,Banglore,Delhi,21:05:00,23:55:00,170,0.0,No Info,6121
Jet Airways,2019-03-09,Delhi,Cochin,10:45:00,04:25:00,1060,2.0,In-flight meal not included,15654
Multiple Carriers,2019-05-27,Delhi,Cochin,07:10:00,22:30:00,920,1.0,No Info,7878
Jet Airways,2019-03-18,Banglore,New Delhi,05:45:00,10:25:00,280,1.0,No Info,12284
Multiple Carriers,2019-03-09,Delhi,Cochin,17:25:00,01:35:00,490,1.0,In-flight meal not included,12616
Indigo,2019-03-06,Mumbai,Hyderabad,21:20:00,22:45:00,85,0.0,No Info,4784
Jet Airways,2019-03-21,Banglore,New Delhi,08:55:00,20:20:00,685,1.0,In-flight meal not included,7832
Jet Airways,2019-06-24,Delhi,Cochin,16:00:00,04:25:00,745,1.0,In-flight meal not included,10262
Air India,2019-05-01,Mumbai,Hyderabad,06:20:00,07:40:00,80,0.0,No Info,3625
Air India,2019-03-01,Banglore,New Delhi,06:45:00,11:10:00,1705,2.0,No Info,20999
Air Asia,2019-05-18,Banglore,Delhi,04:55:00,07:45:00,170,0.0,No Info,4282
Indigo,2019-06-12,Banglore,Delhi,07:10:00,10:05:00,175,0.0,No Info,4823
Jet Airways,2019-06-12,Delhi,Cochin,05:30:00,12:35:00,425,2.0,In-flight meal not included,13344
Jet Airways,2019-04-27,Banglore,Delhi,17:45:00,20:45:00,180,0.0,No Info,7229
Spicejet,2019-03-06,Delhi,Cochin,06:10:00,11:20:00,310,1.0,No Info,9748
Spicejet,2019-04-15,Banglore,Delhi,05:55:00,08:35:00,160,0.0,No Info,4423
Jet Airways,2019-06-03,Delhi,Cochin,11:00:00,14:15:00,195,0.0,In-flight meal not included,7202
Jet Airways,2019-03-09,Delhi,Cochin,17:25:00,04:25:00,660,1.0,In-flight meal not included,11848
Jet Airways,2019-05-21,Banglore,Delhi,07:10:00,10:10:00,180,0.0,In-flight meal not included,4030
Spicejet,2019-03-18,Mumbai,Hyderabad,05:45:00,07:05:00,80,0.0,No check-in baggage included,2385
Indigo,2019-06-27,Delhi,Cochin,05:10:00,10:05:00,295,1.0,No Info,6496
Multiple Carriers,2019-03-06,Delhi,Cochin,17:45:00,01:35:00,470,1.0,No Info,15147
Air India,2019-06-21,Mumbai,Hyderabad,21:05:00,22:25:00,80,0.0,No Info,3100
Jet Airways,2019-06-27,Mumbai,Hyderabad,02:55:00,04:20:00,85,0.0,In-flight meal not included,3210
Indigo,2019-05-12,Mumbai,Hyderabad,19:05:00,20:35:00,90,0.0,No Info,2754
Indigo,2019-05-24,Kolkata,Banglore,09:20:00,14:15:00,295,1.0,No Info,9376
Jet Airways,2019-03-24,Kolkata,Banglore,19:45:00,04:45:00,540,1.0,No Info,13759
Spicejet,2019-04-01,Kolkata,Banglore,06:55:00,09:30:00,155,0.0,No check-in baggage included,3841
Spicejet,2019-06-12,Banglore,Delhi,05:55:00,08:35:00,160,0.0,No check-in baggage included,4319
Vistara,2019-06-18,Banglore,Delhi,09:45:00,12:35:00,170,0.0,No Info,4668
Indigo,2019-03-01,Banglore,New Delhi,13:00:00,15:50:00,170,0.0,No Info,19685
Indigo,2019-03-21,Delhi,Cochin,07:35:00,22:20:00,885,1.0,No Info,6558
Multiple Carriers,2019-06-09,Delhi,Cochin,09:15:00,19:00:00,585,1.0,No Info,11622
Indigo,2019-04-15,Banglore,Delhi,18:55:00,21:50:00,175,0.0,No Info,4823
Vistara,2019-05-15,Delhi,Cochin,06:00:00,09:10:00,190,0.0,No Info,6216
Jet Airways,2019-05-01,Banglore,Delhi,17:45:00,20:45:00,180,0.0,No Info,7229
Indigo,2019-04-01,Banglore,Delhi,20:00:00,22:50:00,170,0.0,No Info,4823
Jet Airways,2019-06-09,Delhi,Cochin,09:35:00,12:35:00,1620,2.0,No Info,13292
Indigo,2019-06-12,Delhi,Cochin,09:15:00,01:30:00,975,1.0,No Info,6628
Indigo,2019-06-24,Delhi,Cochin,18:35:00,01:30:00,415,1.0,No Info,5883
Spicejet,2019-05-18,Kolkata,Banglore,14:55:00,17:25:00,150,0.0,No Info,4174
Air India,2019-06-03,Delhi,Cochin,09:45:00,23:00:00,795,1.0,No Info,8907
Indigo,2019-05-06,Kolkata,Banglore,09:35:00,12:20:00,165,0.0,No Info,4804
Multiple Carriers,2019-06-15,Delhi,Cochin,10:00:00,19:15:00,555,1.0,No Info,16108
Air India,2019-03-12,Banglore,New Delhi,17:25:00,16:20:00,1375,2.0,No Info,12778
Jet Airways,2019-06-12,Kolkata,Banglore,20:00:00,08:15:00,735,1.0,No Info,13044
Air India,2019-05-12,Mumbai,Hyderabad,19:30:00,20:45:00,75,0.0,No Info,3625
Multiple Carriers,2019-06-27,Delhi,Cochin,08:30:00,19:00:00,630,1.0,No Info,11200
Jet Airways,2019-05-24,Kolkata,Banglore,14:05:00,22:35:00,510,1.0,In-flight meal not included,10844
Jet Airways,2019-05-12,Kolkata,Banglore,09:35:00,23:35:00,840,1.0,No Info,14151
Air India,2019-03-18,Banglore,New Delhi,06:45:00,16:20:00,575,2.0,No Info,12935
Air Asia,2019-06-03,Delhi,Cochin,07:55:00,15:45:00,470,1.0,No Info,8759
Indigo,2019-05-18,Delhi,Cochin,05:05:00,16:10:00,665,1.0,No Info,6818
Air India,2019-06-27,Delhi,Cochin,18:05:00,21:10:00,185,0.0,No Info,5201
Air India,2019-06-03,Delhi,Cochin,13:20:00,07:40:00,1100,2.0,No Info,11911
Goair,2019-06-24,Delhi,Cochin,07:00:00,12:55:00,355,1.0,No Info,5281
Spicejet,2019-06-01,Banglore,Delhi,21:10:00,00:05:00,175,0.0,No check-in baggage included,3573
Jet Airways,2019-06-12,Banglore,Delhi,17:45:00,20:45:00,180,0.0,No Info,8016
Indigo,2019-06-18,Chennai,Kolkata,13:15:00,15:35:00,140,0.0,No Info,3597
Spicejet,2019-05-06,Banglore,Delhi,05:55:00,08:35:00,160,0.0,No Info,3311
Indigo,2019-03-27,Kolkata,Banglore,15:10:00,17:45:00,155,0.0,No Info,4148
Indigo,2019-04-24,Kolkata,Banglore,15:15:00,17:45:00,150,0.0,No Info,4804
Spicejet,2019-05-09,Mumbai,Hyderabad,22:45:00,00:15:00,90,0.0,No check-in baggage included,1965
Jet Airways,2019-06-24,Delhi,Cochin,20:00:00,04:25:00,505,2.0,No Info,14300
Jet Airways,2019-06-01,Delhi,Cochin,14:00:00,04:25:00,865,1.0,No Info,14714
Jet Airways,2019-05-27,Delhi,Cochin,09:00:00,19:00:00,600,1.0,In-flight meal not included,10675
Air Asia,2019-04-01,Kolkata,Banglore,19:55:00,22:25:00,150,0.0,No Info,3807
Jet Airways,2019-03-06,Banglore,New Delhi,21:25:00,21:20:00,1435,1.0,No Info,17471
Air India,2019-03-09,Delhi,Cochin,22:00:00,19:15:00,1275,2.0,No Info,14851
Indigo,2019-03-09,Delhi,Cochin,21:05:00,01:45:00,280,1.0,No Info,6937
Jet Airways,2019-03-01,Banglore,New Delhi,11:40:00,05:05:00,1045,1.0,No Info,22270
Air India,2019-06-09,Delhi,Cochin,05:55:00,19:15:00,2240,2.0,No Info,10493
Multiple Carriers,2019-06-27,Delhi,Cochin,09:45:00,22:30:00,765,1.0,No Info,9646
Multiple Carriers,2019-03-06,Delhi,Cochin,07:05:00,21:20:00,855,2.0,No Info,7084
Jet Airways,2019-05-09,Delhi,Cochin,19:15:00,12:35:00,1040,1.0,In-flight meal not included,12373
Jet Airways,2019-06-27,Delhi,Cochin,11:40:00,19:00:00,440,2.0,No Info,18804
Indigo,2019-04-27,Banglore,Delhi,23:30:00,02:20:00,170,0.0,No Info,3943
Vistara,2019-04-06,Banglore,Delhi,19:30:00,22:15:00,165,0.0,No Info,5613
Air Asia,2019-05-24,Kolkata,Banglore,07:35:00,19:25:00,710,1.0,No Info,5192
Air India,2019-03-01,Banglore,New Delhi,05:50:00,22:45:00,1015,1.0,No Info,14069
Indigo,2019-03-24,Banglore,New Delhi,10:10:00,13:00:00,170,0.0,No Info,5734
Air Asia,2019-05-15,Kolkata,Banglore,10:20:00,12:55:00,155,0.0,No Info,4409
Spicejet,2019-04-21,Delhi,Cochin,15:45:00,22:05:00,380,1.0,No Info,6749
Multiple Carriers,2019-06-15,Delhi,Cochin,09:15:00,19:15:00,600,1.0,No Info,9359
Jet Airways,2019-05-24,Mumbai,Hyderabad,10:20:00,11:50:00,90,0.0,No Info,8040
Jet Airways,2019-03-03,Delhi,Cochin,21:50:00,18:50:00,1260,1.0,No Info,17024
Air India,2019-05-27,Delhi,Cochin,06:05:00,09:25:00,1640,1.0,No Info,7480
Jet Airways,2019-04-01,Kolkata,Banglore,09:35:00,19:10:00,575,1.0,In-flight meal not included,9314
Air India,2019-06-24,Delhi,Cochin,07:05:00,09:25:00,1580,2.0,No Info,11185
Jet Airways,2019-03-18,Banglore,New Delhi,14:05:00,07:40:00,1055,1.0,In-flight meal not included,10972
Indigo,2019-05-27,Mumbai,Hyderabad,02:35:00,04:05:00,90,0.0,No Info,2754
Jet Airways,2019-06-01,Delhi,Cochin,11:40:00,19:00:00,440,2.0,In-flight meal not included,15812
Multiple Carriers,2019-06-24,Delhi,Cochin,10:20:00,21:00:00,640,1.0,In-flight meal not included,6007
Indigo,2019-05-06,Kolkata,Banglore,08:10:00,13:00:00,290,1.0,No Info,5069
Air Asia,2019-04-12,Kolkata,Banglore,22:50:00,01:20:00,150,0.0,No Info,4409
Indigo,2019-03-03,Delhi,Cochin,10:45:00,15:30:00,285,1.0,No Info,7725
Jet Airways,2019-04-27,Banglore,Delhi,08:20:00,11:20:00,180,0.0,In-flight meal not included,5198
Indigo,2019-04-01,Kolkata,Banglore,11:30:00,14:05:00,155,0.0,No Info,4174
Jet Airways,2019-05-21,Banglore,Delhi,19:50:00,22:50:00,180,0.0,No Info,7229
Air India,2019-03-15,Banglore,New Delhi,08:15:00,21:25:00,790,1.0,No Info,6046
Indigo,2019-06-27,Delhi,Cochin,05:35:00,08:50:00,195,0.0,No Info,5000
Spicejet,2019-04-06,Banglore,Delhi,09:30:00,12:20:00,170,0.0,No Info,4423
Jet Airways,2019-05-15,Kolkata,Banglore,14:05:00,20:45:00,400,1.0,In-flight meal not included,10844
Air India,2019-05-06,Kolkata,Banglore,09:25:00,15:05:00,1780,2.0,No Info,11542
Air India,2019-04-06,Delhi,Cochin,06:10:00,23:00:00,1010,1.0,No Info,5022
Jet Airways,2019-03-01,Banglore,New Delhi,14:05:00,19:10:00,305,1.0,No Info,36235
Air Asia,2019-06-27,Kolkata,Banglore,22:50:00,01:20:00,150,0.0,No Info,3807
Jet Airways,2019-06-03,Delhi,Cochin,10:00:00,19:00:00,540,1.0,No Info,14714
Jet Airways,2019-03-24,Kolkata,Banglore,13:55:00,12:00:00,1325,1.0,No Info,14231
Jet Airways,2019-04-24,Banglore,Delhi,19:50:00,22:50:00,180,0.0,In-flight meal not included,4544
Jet Airways,2019-05-09,Kolkata,Banglore,16:30:00,04:40:00,730,1.0,No Info,14781
Jet Airways,2019-05-21,Delhi,Cochin,18:15:00,19:00:00,1485,1.0,In-flight meal not included,12898
Indigo,2019-04-03,Banglore,Delhi,23:30:00,02:20:00,170,0.0,No Info,4591
Spicejet,2019-05-27,Delhi,Cochin,17:55:00,22:50:00,295,1.0,No Info,5673
Indigo,2019-06-15,Delhi,Cochin,10:35:00,01:30:00,895,1.0,No Info,5883
Jet Airways,2019-05-15,Kolkata,Banglore,21:10:00,10:05:00,775,1.0,No Info,15149
Jet Airways,2019-03-12,Banglore,New Delhi,16:55:00,23:00:00,365,1.0,No Info,13817
Air India,2019-05-27,Delhi,Cochin,19:45:00,19:15:00,1410,2.0,No Info,10441
Jet Airways,2019-03-15,Banglore,New Delhi,07:00:00,15:15:00,495,1.0,In-flight meal not included,9134
Air India,2019-05-21,Kolkata,Banglore,12:00:00,21:50:00,590,2.0,No Info,10151
Air India,2019-03-09,Banglore,New Delhi,17:00:00,19:45:00,165,0.0,No Info,10741
Air India,2019-06-27,Mumbai,Hyderabad,21:05:00,22:25:00,80,0.0,No Info,3100
Jet Airways,2019-05-12,Kolkata,Banglore,16:30:00,19:50:00,1640,1.0,In-flight meal not included,10844
Air India,2019-05-24,Mumbai,Hyderabad,21:05:00,22:25:00,80,0.0,No Info,3100
Jet Airways,2019-05-27,Mumbai,Hyderabad,10:20:00,11:50:00,90,0.0,In-flight meal not included,4995
Jet Airways,2019-05-15,Kolkata,Banglore,20:00:00,09:20:00,800,1.0,In-flight meal not included,9663
Jet Airways,2019-03-21,Delhi,Cochin,16:10:00,18:50:00,1600,2.0,In-flight meal not included,8728
Indigo,2019-06-01,Delhi,Cochin,17:05:00,22:25:00,320,1.0,No Info,7060
Indigo,2019-06-12,Chennai,Kolkata,14:45:00,17:05:00,140,0.0,No Info,3597
Air India,2019-05-01,Kolkata,Banglore,16:50:00,13:45:00,1255,2.0,No Info,16372
Jet Airways,2019-06-12,Delhi,Cochin,21:50:00,04:25:00,395,1.0,In-flight meal not included,10262
Air India,2019-03-06,Mumbai,Hyderabad,16:00:00,23:45:00,465,1.0,No Info,11678
Indigo,2019-04-12,Banglore,Delhi,07:10:00,10:05:00,175,0.0,No Info,4823
Jet Airways,2019-06-27,Delhi,Cochin,19:30:00,12:35:00,1025,2.0,No Info,13764
Jet Airways,2019-06-27,Delhi,Cochin,13:25:00,12:35:00,1390,2.0,No Info,15339
Indigo,2019-03-01,Banglore,New Delhi,21:20:00,00:15:00,175,0.0,No Info,12649
Indigo,2019-05-03,Chennai,Kolkata,19:35:00,21:55:00,140,0.0,No Info,3597
Multiple Carriers,2019-06-01,Delhi,Cochin,13:00:00,21:00:00,480,1.0,No Info,7933
Air India,2019-05-15,Banglore,Delhi,13:20:00,16:10:00,170,0.0,No Info,5228
Jet Airways,2019-05-18,Kolkata,Banglore,20:00:00,18:15:00,1335,1.0,In-flight meal not included,10844
Jet Airways,2019-03-18,Banglore,New Delhi,08:55:00,18:25:00,570,1.0,No Info,12284
Spicejet,2019-05-06,Chennai,Kolkata,09:45:00,12:00:00,135,0.0,No check-in baggage included,3543
Jet Airways,2019-05-18,Delhi,Cochin,23:05:00,04:25:00,1760,2.0,No Info,16704
Jet Airways,2019-05-01,Mumbai,Hyderabad,19:35:00,21:05:00,90,0.0,In-flight meal not included,2228
Air India,2019-05-21,Delhi,Cochin,05:55:00,19:15:00,2240,2.0,No Info,10493
Air India,2019-06-27,Banglore,Delhi,10:00:00,12:45:00,165,0.0,No Info,6961
Air India,2019-05-01,Kolkata,Banglore,10:00:00,05:25:00,1165,2.0,No Info,13899
Indigo,2019-06-15,Mumbai,Hyderabad,16:55:00,18:25:00,90,0.0,No Info,3175
Jet Airways,2019-03-18,Banglore,New Delhi,11:40:00,09:30:00,1310,1.0,In-flight meal not included,11087
Air India,2019-03-06,Delhi,Cochin,12:00:00,19:15:00,435,2.0,No Info,11858
Air India,2019-03-03,Banglore,New Delhi,09:30:00,23:45:00,855,1.0,No Info,11654
Air India,2019-05-18,Kolkata,Banglore,09:25:00,21:50:00,745,1.0,No Info,8366
Spicejet,2019-04-01,Banglore,Delhi,05:55:00,08:35:00,160,0.0,No check-in baggage included,3919
Air India,2019-06-12,Kolkata,Banglore,12:00:00,21:50:00,590,2.0,No Info,9416
Jet Airways,2019-06-27,Delhi,Cochin,19:15:00,19:00:00,1425,1.0,In-flight meal not included,10262
Indigo,2019-04-09,Delhi,Cochin,16:00:00,01:30:00,570,1.0,No Info,6573
Jet Airways,2019-05-24,Kolkata,Banglore,16:30:00,23:35:00,425,1.0,No Info,14571
Air Asia,2019-05-18,Kolkata,Banglore,19:55:00,22:25:00,150,0.0,No Info,5989
Goair,2019-06-27,Banglore,Delhi,11:40:00,14:30:00,170,0.0,No Info,3898
Multiple Carriers,2019-06-27,Delhi,Cochin,06:00:00,12:35:00,395,1.0,In-flight meal not included,10791
Air India,2019-04-09,Kolkata,Banglore,19:00:00,11:05:00,965,1.0,No Info,4647
Jet Airways,2019-03-03,Delhi,Cochin,19:15:00,04:25:00,550,1.0,No Info,17234
Jet Airways,2019-05-12,Mumbai,Hyderabad,02:55:00,04:20:00,85,0.0,In-flight meal not included,4050
Jet Airways,2019-05-27,Delhi,Cochin,13:25:00,19:00:00,1775,2.0,No Info,15129
Air India,2019-05-06,Kolkata,Banglore,07:00:00,01:20:00,1100,2.0,No Info,14083
Vistara,2019-03-09,Banglore,New Delhi,07:00:00,09:40:00,160,0.0,No Info,7975
Indigo,2019-05-15,Kolkata,Banglore,15:30:00,18:05:00,155,0.0,No Info,4804
Air India,2019-03-03,Mumbai,Hyderabad,13:55:00,15:25:00,90,0.0,No Info,6092
Jet Airways,2019-05-06,Banglore,Delhi,17:45:00,20:45:00,180,0.0,In-flight meal not included,4030
Spicejet,2019-03-21,Delhi,Cochin,06:10:00,11:20:00,310,1.0,No Info,6065
Jet Airways,2019-06-06,Delhi,Cochin,19:15:00,04:25:00,550,1.0,In-flight meal not included,10262
Air India,2019-05-21,Delhi,Cochin,13:00:00,19:15:00,375,1.0,No Info,8372
Air India,2019-06-06,Delhi,Cochin,05:15:00,19:15:00,2280,3.0,No Info,10703
Air India,2019-03-06,Mumbai,Hyderabad,06:00:00,09:10:00,1630,2.0,No Info,13169
Air India,2019-05-15,Banglore,Delhi,06:10:00,08:55:00,165,0.0,No Info,6961
Indigo,2019-04-03,Banglore,Delhi,16:55:00,19:55:00,180,0.0,No Info,4823
Vistara,2019-03-15,Banglore,New Delhi,07:00:00,09:40:00,160,0.0,No Info,6138
Indigo,2019-05-15,Delhi,Cochin,06:50:00,16:10:00,560,1.0,No Info,6442
Multiple Carriers,2019-03-06,Delhi,Cochin,09:00:00,15:30:00,390,1.0,No Info,15078
Jet Airways,2019-03-12,Banglore,New Delhi,21:25:00,08:15:00,650,1.0,No Info,12547
Spicejet,2019-06-06,Kolkata,Banglore,11:15:00,18:30:00,435,1.0,No Info,10156
Multiple Carriers,2019-06-15,Delhi,Cochin,13:00:00,01:30:00,750,1.0,No Info,13377
Jet Airways,2019-03-06,Banglore,New Delhi,14:05:00,20:20:00,375,1.0,No Info,19225
Indigo,2019-05-21,Delhi,Cochin,11:55:00,18:10:00,375,1.0,No Info,6442
Multiple Carriers,2019-03-21,Delhi,Cochin,08:25:00,18:50:00,625,1.0,No Info,13069
Jet Airways,2019-05-06,Kolkata,Banglore,06:30:00,19:50:00,800,1.0,No Info,14781
Multiple Carriers,2019-06-24,Delhi,Cochin,13:00:00,21:00:00,480,1.0,No Info,13587
Jet Airways,2019-03-12,Mumbai,Hyderabad,09:50:00,16:35:00,405,1.0,No Info,20120
Air Asia,2019-05-27,Kolkata,Banglore,22:50:00,01:20:00,150,0.0,No Info,3807
Goair,2019-04-09,Banglore,Delhi,20:55:00,23:40:00,165,0.0,No Info,4239
Spicejet,2019-05-24,Chennai,Kolkata,09:45:00,12:00:00,135,0.0,No Info,3597
Vistara,2019-05-15,Kolkata,Banglore,07:10:00,23:25:00,975,1.0,No Info,9345
Spicejet,2019-03-27,Kolkata,Banglore,09:00:00,11:30:00,150,0.0,No Info,3847
Jet Airways,2019-05-03,Banglore,Delhi,18:55:00,22:00:00,185,0.0,In-flight meal not included,6144
Indigo,2019-03-01,Kolkata,Banglore,22:10:00,00:55:00,165,0.0,No Info,4778
Vistara,2019-05-24,Kolkata,Banglore,07:10:00,22:40:00,930,1.0,No Info,9397
Spicejet,2019-05-24,Chennai,Kolkata,08:20:00,10:35:00,135,0.0,No check-in baggage included,3543
Jet Airways,2019-05-18,Kolkata,Banglore,08:25:00,09:20:00,1495,1.0,No Info,14388
Indigo,2019-06-06,Kolkata,Banglore,20:25:00,23:10:00,165,0.0,No Info,4804
Spicejet,2019-03-27,Delhi,Cochin,15:55:00,21:55:00,360,1.0,No Info,5111
Multiple Carriers,2019-05-15,Delhi,Cochin,07:05:00,16:10:00,545,1.0,No Info,9646
Jet Airways,2019-06-09,Kolkata,Banglore,08:25:00,04:40:00,1215,1.0,In-flight meal not included,8586
Multiple Carriers,2019-06-12,Delhi,Cochin,11:40:00,19:00:00,440,1.0,No Info,11789
Spicejet,2019-04-27,Kolkata,Banglore,22:20:00,00:40:00,140,0.0,No Info,3873
Multiple Carriers,2019-05-15,Delhi,Cochin,03:50:00,12:35:00,525,1.0,No Info,10197
Air India,2019-05-15,Kolkata,Banglore,16:45:00,21:05:00,1700,1.0,No Info,7452
Jet Airways,2019-05-09,Kolkata,Banglore,21:10:00,10:05:00,775,1.0,In-flight meal not included,9663
Indigo,2019-03-24,Chennai,Kolkata,13:20:00,15:35:00,135,0.0,No Info,4752
Jet Airways,2019-05-01,Kolkata,Banglore,08:25:00,09:20:00,1495,1.0,No Info,14388
Jet Airways,2019-04-01,Kolkata,Banglore,16:30:00,23:35:00,425,1.0,In-flight meal not included,7064
Indigo,2019-04-15,Delhi,Cochin,06:50:00,16:10:00,560,1.0,No Info,6442
Jet Airways,2019-06-01,Mumbai,Hyderabad,07:05:00,08:30:00,85,0.0,No Info,5678
Air India,2019-05-12,Kolkata,Banglore,09:25:00,11:10:00,1545,1.0,No Info,8891
Jet Airways,2019-05-01,Kolkata,Banglore,09:35:00,19:10:00,575,1.0,In-flight meal not included,9314
Jet Airways,2019-03-15,Banglore,New Delhi,05:45:00,12:25:00,400,1.0,In-flight meal not included,9134
Jet Airways,2019-05-06,Kolkata,Banglore,20:00:00,09:20:00,800,1.0,No Info,14388
Jet Airways,2019-03-01,Banglore,New Delhi,14:05:00,09:00:00,1135,1.0,No Info,20800
Jet Airways,2019-03-09,Delhi,Cochin,18:15:00,18:50:00,1475,1.0,No Info,16289
Indigo,2019-04-12,Banglore,Delhi,13:00:00,15:50:00,170,0.0,No Info,4823
Multiple Carriers,2019-06-12,Delhi,Cochin,11:40:00,19:15:00,455,1.0,No Info,8266
Jet Airways,2019-05-09,Delhi,Cochin,02:15:00,12:35:00,620,1.0,No Info,15851
Jet Airways,2019-05-24,Kolkata,Banglore,20:25:00,23:35:00,1630,1.0,No Info,14151
Multiple Carriers,2019-05-15,Delhi,Cochin,10:35:00,19:15:00,520,1.0,No Info,7575
Air India,2019-05-18,Kolkata,Banglore,07:00:00,20:25:00,805,1.0,No Info,11306
Indigo,2019-03-24,Chennai,Kolkata,05:15:00,07:35:00,140,0.0,No Info,4326
Multiple Carriers,2019-06-27,Delhi,Cochin,10:20:00,21:00:00,640,1.0,No Info,6480
Goair,2019-04-09,Banglore,Delhi,07:45:00,10:40:00,175,0.0,No Info,4632
Air India,2019-03-18,Banglore,New Delhi,17:00:00,19:45:00,165,0.0,No Info,11633
Jet Airways,2019-06-03,Delhi,Cochin,02:15:00,12:35:00,620,1.0,No Info,14714
Jet Airways,2019-06-03,Delhi,Cochin,20:00:00,04:25:00,505,2.0,In-flight meal not included,15318
Air India,2019-05-15,Kolkata,Banglore,17:30:00,20:25:00,1615,1.0,No Info,10203
Goair,2019-04-15,Delhi,Cochin,07:25:00,13:35:00,370,1.0,No Info,5052
Jet Airways,2019-03-27,Delhi,Cochin,19:10:00,19:45:00,1475,2.0,No Info,10976
Goair,2019-03-09,Delhi,Cochin,06:00:00,13:20:00,440,1.0,No Info,8422
Jet Airways,2019-05-18,Delhi,Cochin,13:25:00,19:00:00,1775,2.0,No Info,16704
Indigo,2019-03-09,Delhi,Cochin,06:40:00,21:00:00,860,1.0,No Info,12351
Jet Airways,2019-05-18,Delhi,Cochin,13:25:00,19:00:00,1775,2.0,No Info,15129
Air India,2019-05-18,Kolkata,Banglore,16:50:00,13:45:00,1255,2.0,No Info,13432
Air India,2019-03-12,Banglore,New Delhi,06:45:00,20:35:00,830,1.0,No Info,12127
Air India,2019-06-06,Delhi,Cochin,09:00:00,19:15:00,615,1.0,No Info,8372
Air India,2019-03-27,Delhi,Cochin,16:40:00,19:15:00,1595,2.0,No Info,8656
Multiple Carriers,2019-06-03,Delhi,Cochin,10:20:00,19:00:00,520,1.0,No Info,11789
Indigo,2019-05-21,Mumbai,Hyderabad,09:10:00,10:40:00,90,0.0,No Info,4049
Multiple Carriers,2019-05-09,Delhi,Cochin,13:00:00,19:15:00,375,1.0,No Info,14323
Vistara,2019-06-12,Kolkata,Banglore,17:00:00,23:25:00,385,1.0,No Info,8610
Multiple Carriers,2019-05-27,Delhi,Cochin,09:00:00,19:00:00,600,1.0,No Info,10407
Jet Airways,2019-06-06,Kolkata,Banglore,20:25:00,10:55:00,870,1.0,In-flight meal not included,10539
Jet Airways,2019-03-01,Banglore,New Delhi,16:55:00,07:40:00,885,1.0,1 Long layover,26890
Indigo,2019-05-21,Delhi,Cochin,04:55:00,11:50:00,415,1.0,No Info,6794
Jet Airways,2019-05-15,Kolkata,Banglore,06:30:00,04:40:00,1330,1.0,No Info,13941
Spicejet,2019-05-18,Kolkata,Banglore,06:55:00,09:30:00,155,0.0,No Info,3873
Goair,2019-05-09,Kolkata,Banglore,23:30:00,07:45:00,495,1.0,No Info,6095
Multiple Carriers,2019-06-12,Delhi,Cochin,06:00:00,12:35:00,395,1.0,No Info,11789
Multiple Carriers,2019-03-09,Delhi,Cochin,00:20:00,07:40:00,440,1.0,In-flight meal not included,13977
Air India,2019-03-01,Banglore,New Delhi,06:45:00,09:25:00,1600,2.0,2 Long layover,26480
Jet Airways,2019-06-12,Kolkata,Banglore,10:20:00,17:35:00,435,1.0,No Info,8355
Jet Airways,2019-05-06,Kolkata,Banglore,16:30:00,20:45:00,1695,1.0,In-flight meal not included,9663
Jet Airways,2019-03-12,Banglore,New Delhi,21:25:00,15:15:00,1070,1.0,No Info,13817
Indigo,2019-04-06,Banglore,Delhi,13:00:00,15:50:00,170,0.0,No Info,4423
Spicejet,2019-05-24,Banglore,Delhi,21:10:00,00:05:00,175,0.0,No check-in baggage included,3919
Multiple Carriers,2019-03-27,Delhi,Cochin,11:40:00,18:50:00,430,1.0,No Info,11421
Jet Airways,2019-05-01,Kolkata,Banglore,08:25:00,04:40:00,1215,1.0,In-flight meal not included,8586
Jet Airways,2019-03-06,Banglore,New Delhi,22:50:00,09:30:00,640,1.0,No Info,17261
Air India,2019-05-15,Kolkata,Banglore,09:50:00,23:15:00,805,2.0,No Info,14960
Jet Airways,2019-05-21,Kolkata,Banglore,17:00:00,14:25:00,1285,1.0,In-flight meal not included,9314
Jet Airways,2019-06-06,Delhi,Cochin,02:15:00,19:00:00,1005,1.0,No Info,14714
Multiple Carriers,2019-06-15,Delhi,Cochin,08:45:00,21:00:00,735,1.0,No Info,7005
Jet Airways,2019-05-18,Delhi,Cochin,13:25:00,12:35:00,1390,2.0,No Info,16704
Jet Airways,2019-03-24,Kolkata,Banglore,08:25:00,04:45:00,1220,1.0,No Info,13759
Jet Airways,2019-03-12,Banglore,New Delhi,05:45:00,20:20:00,875,1.0,No Info,13817
Indigo,2019-04-15,Delhi,Cochin,17:05:00,22:15:00,310,1.0,No Info,5912
Spicejet,2019-04-03,Mumbai,Hyderabad,13:15:00,14:45:00,90,0.0,No check-in baggage included,1965
Goair,2019-06-01,Delhi,Cochin,07:25:00,13:35:00,370,1.0,No Info,6393
Jet Airways,2019-06-15,Delhi,Cochin,20:55:00,12:35:00,940,1.0,In-flight meal not included,10262
Jet Airways,2019-06-09,Delhi,Cochin,11:30:00,19:00:00,450,1.0,In-flight meal not included,10262
Spicejet,2019-05-24,Banglore,Delhi,09:30:00,12:20:00,170,0.0,No Info,3625
Indigo,2019-05-18,Banglore,Delhi,23:30:00,02:20:00,170,0.0,No Info,4591
Indigo,2019-05-27,Mumbai,Hyderabad,20:05:00,21:40:00,95,0.0,No Info,2227
Jet Airways,2019-05-18,Delhi,Cochin,02:15:00,19:00:00,1005,1.0,No Info,15554
Air India,2019-05-15,Chennai,Kolkata,11:40:00,13:55:00,135,0.0,No Info,4667
Vistara,2019-06-03,Chennai,Kolkata,17:45:00,20:05:00,140,0.0,No Info,11982
Spicejet,2019-06-01,Kolkata,Banglore,22:20:00,00:40:00,140,0.0,No Info,3873
Indigo,2019-05-15,Banglore,Delhi,07:10:00,10:05:00,175,0.0,No Info,4823
Indigo,2019-03-03,Banglore,New Delhi,07:10:00,10:05:00,175,0.0,No Info,7648
Multiple Carriers,2019-06-27,Delhi,Cochin,16:00:00,01:30:00,570,1.0,No Info,13377
Jet Airways,2019-06-06,Kolkata,Banglore,17:00:00,10:55:00,1075,1.0,In-flight meal not included,10539
Indigo,2019-03-06,Delhi,Cochin,11:55:00,21:20:00,565,2.0,No Info,6610
Multiple Carriers,2019-06-27,Delhi,Cochin,06:00:00,21:00:00,900,1.0,In-flight meal not included,6007
Indigo,2019-04-24,Banglore,Delhi,22:10:00,01:00:00,170,0.0,No Info,3625
Indigo,2019-05-18,Banglore,Delhi,10:10:00,13:00:00,170,0.0,No Info,3943
Indigo,2019-04-01,Mumbai,Hyderabad,16:55:00,18:25:00,90,0.0,No Info,3175
Indigo,2019-03-06,Delhi,Cochin,07:30:00,21:00:00,810,1.0,No Info,14871
Jet Airways,2019-04-24,Banglore,Delhi,07:10:00,10:10:00,180,0.0,In-flight meal not included,6144
Spicejet,2019-05-27,Chennai,Kolkata,09:45:00,12:00:00,135,0.0,No Info,3597
Jet Airways,2019-04-27,Banglore,Delhi,19:50:00,22:50:00,180,0.0,In-flight meal not included,4544
Jet Airways,2019-05-06,Kolkata,Banglore,09:35:00,18:00:00,505,1.0,No Info,13067
Multiple Carriers,2019-06-01,Delhi,Cochin,13:15:00,22:30:00,555,1.0,No Info,9646
Jet Airways,2019-05-06,Kolkata,Banglore,21:10:00,09:20:00,730,1.0,In-flight meal not included,9663
Jet Airways,2019-03-06,Banglore,New Delhi,05:45:00,23:00:00,1035,1.0,No Info,16736
Air India,2019-03-06,Delhi,Cochin,13:30:00,08:15:00,1125,1.0,No Info,11563
Jet Airways,2019-03-09,Mumbai,Hyderabad,06:30:00,08:00:00,90,0.0,In-flight meal not included,4995
Multiple Carriers,2019-03-06,Delhi,Cochin,06:00:00,15:30:00,570,1.0,No Info,15147
Indigo,2019-03-24,Chennai,Kolkata,07:55:00,10:15:00,140,0.0,No Info,4326
Air Asia,2019-03-24,Banglore,New Delhi,05:50:00,08:40:00,170,0.0,No Info,4284
Jet Airways,2019-06-03,Delhi,Cochin,16:00:00,19:00:00,1620,1.0,In-flight meal not included,10262
